CookerStat, GenerateAssetRegistry=0.040323, Initialize=0.290308, RunGuid=RunID3E58551948E239A0BC66A290F01AA12F
SavePackageTransactionId9F0C645643B778D3331A448698790EE6_0, Filename=../../../../../../Users/mborowin/Documents/Unreal Projects/TiRT/Content/Blueprints/Node.uasset, AutoPackageBackupDelegate=24.962120, FlushAsyncLoading=0.012461, FlushStreamingFunc=0.055350, BlockTillAllRequestsFinished=0.008430, ResetLoadersForSaveUnMarkAllObjects=0.312302, TagPackageExports=18.869673, BeginCacheForCookedPlatformData=0.003301, SerializeImports=22.577333, GatherLocalizableTextData=15.723936, MarkNames=0.146255, SerializeSummary=0.017226, SerializeNames=0.282977, SerializeGatherableTextData=0.118397, BuildExportMap=0.297640, SortExportsNonSeekfree=2.904549, SortExportsSeekfreeConstructor=0.061214, SortExportsSeekfreeInner=21.769091, SortExportsSeekfree=0.005499, BuildDependencyMap=0.186574, SerializeImportMap=0.045817, SerializeExportMap=0.122428, SerializeDependencyMap=0.037387, SerializeStringAssetReferenceMap=0.002202, SaveThumbNailsAssetRegistryDataWorldLevelInfo=8.231997, SerializeExports=31.097450, SerializeBulkData=0.028223, MoveFile=2.840404, UnaccountedTime=4.194811, RunGuid=RunID3E58551948E239A0BC66A290F01AA12F
SavePackageTransactionId9F0C645643B778D3331A448698790EE6_1, Filename=../../../../../../Users/mborowin/Documents/Unreal Projects/TiRT/Content/Blueprints/Node.uasset, AutoPackageBackupDelegate=8.641071, FlushAsyncLoading=0.004031, FlushStreamingFunc=0.130493, BlockTillAllRequestsFinished=0.005130, ResetLoadersForSaveUnMarkAllObjects=0.160553, TagPackageExports=19.408136, BeginCacheForCookedPlatformData=0.003666, SerializeImports=20.596865, GatherLocalizableTextData=14.888562, MarkNames=0.096403, SerializeSummary=0.010997, SerializeNames=0.341624, SerializeGatherableTextData=0.238627, BuildExportMap=0.293605, SortExportsNonSeekfree=2.875961, SortExportsSeekfreeConstructor=0.049848, SortExportsSeekfreeInner=21.711178, SortExportsSeekfree=0.004400, BuildDependencyMap=0.181809, SerializeImportMap=0.037391, SerializeExportMap=0.189506, SerializeDependencyMap=0.025295, SerializeStringAssetReferenceMap=0.002198, SaveThumbNailsAssetRegistryDataWorldLevelInfo=7.460777, SerializeExports=27.629141, SerializeBulkData=0.007331, MoveFile=3.265601, UnaccountedTime=3.188994, RunGuid=RunID3E58551948E239A0BC66A290F01AA12F
SavePackageTransactionId9F0C645643B778D3331A448698790EE6_2, Filename=../../../../../../Users/mborowin/Documents/Unreal Projects/TiRT/Content/Blueprints/StartingPoint.uasset, AutoPackageBackupDelegate=11.496868, FlushAsyncLoading=0.006232, FlushStreamingFunc=0.095304, BlockTillAllRequestsFinished=0.005499, ResetLoadersForSaveUnMarkAllObjects=0.147719, TagPackageExports=8.657932, BeginCacheForCookedPlatformData=0.004400, SerializeImports=9.680610, GatherLocalizableTextData=6.129097, MarkNames=0.060480, SerializeSummary=0.010997, SerializeNames=0.232760, SerializeGatherableTextData=0.067811, BuildExportMap=0.163116, SortExportsNonSeekfree=1.212917, SortExportsSeekfreeConstructor=0.065610, SortExportsSeekfreeInner=7.964786, SortExportsSeekfree=0.004031, BuildDependencyMap=0.094939, SerializeImportMap=0.014663, SerializeExportMap=0.044353, SerializeDependencyMap=0.008430, SerializeStringAssetReferenceMap=0.001833, SaveThumbNailsAssetRegistryDataWorldLevelInfo=1.120180, SerializeExports=9.696372, SerializeBulkData=0.008430, MoveFile=3.190458, UnaccountedTime=24.374537, RunGuid=RunID3E58551948E239A0BC66A290F01AA12F
SavePackageTransactionId9F0C645643B778D3331A448698790EE6_3, Filename=../../../../../../Users/mborowin/Documents/Unreal Projects/TiRT/Content/StarterContent/Maps/Minimal_Default.umap, AutoPackageBackupDelegate=9.285833, FlushAsyncLoading=0.011362, FlushStreamingFunc=0.054251, BlockTillAllRequestsFinished=0.005864, ResetLoadersForSaveUnMarkAllObjects=58.675270, TagPackageExports=0.821441, BeginCacheForCookedPlatformData=0.001833, SerializeImports=3.508624, GatherLocalizableTextData=5.744587, MarkNames=0.059381, SerializeSummary=0.013929, SerializeNames=0.341624, SerializeGatherableTextData=0.048384, BuildExportMap=0.215165, SortExportsNonSeekfree=0.167880, SortExportsSeekfreeConstructor=0.052784, SortExportsSeekfreeInner=7.870581, SortExportsSeekfree=0.004034, BuildDependencyMap=0.056446, SerializeImportMap=0.040319, SerializeExportMap=0.021260, SerializeDependencyMap=0.059746, SerializeStringAssetReferenceMap=0.002932, SaveThumbNailsAssetRegistryDataWorldLevelInfo=0.729073, SerializeExports=3.777307, SerializeBulkData=25.646467, MoveFile=2.504643, UnaccountedTime=2.914447, RunGuid=RunID3E58551948E239A0BC66A290F01AA12F
SavePackageTransactionId9F0C645643B778D3331A448698790EE6_4, Filename=../../../../../../Users/mborowin/Documents/Unreal Projects/TiRT/Content/Blueprints/Node.uasset, AutoPackageBackupDelegate=26.919130, FlushAsyncLoading=0.009529, FlushStreamingFunc=0.034824, BlockTillAllRequestsFinished=0.003666, ResetLoadersForSaveUnMarkAllObjects=0.140388, TagPackageExports=18.194851, BeginCacheForCookedPlatformData=0.003301, SerializeImports=21.306503, GatherLocalizableTextData=14.713719, MarkNames=0.096772, SerializeSummary=0.026390, SerializeNames=0.340894, SerializeGatherableTextData=0.168979, BuildExportMap=0.283711, SortExportsNonSeekfree=2.861295, SortExportsSeekfreeConstructor=0.007700, SortExportsSeekfreeInner=20.919428, SortExportsSeekfree=0.004765, BuildDependencyMap=0.183273, SerializeImportMap=0.021625, SerializeExportMap=0.104103, SerializeDependencyMap=0.024192, SerializeStringAssetReferenceMap=0.001833, SaveThumbNailsAssetRegistryDataWorldLevelInfo=6.398879, SerializeExports=26.958353, SerializeBulkData=0.007331, MoveFile=2.715040, UnaccountedTime=2.914812, RunGuid=RunID3E58551948E239A0BC66A290F01AA12F
SavePackageTransactionId9F0C645643B778D3331A448698790EE6_5, Filename=../../../../../../Users/mborowin/Documents/Unreal Projects/TiRT/Content/Blueprints/Node.uasset, AutoPackageBackupDelegate=10.091879, FlushAsyncLoading=0.004765, FlushStreamingFunc=0.103001, BlockTillAllRequestsFinished=0.005133, ResetLoadersForSaveUnMarkAllObjects=0.159450, TagPackageExports=19.196268, BeginCacheForCookedPlatformData=0.004034, SerializeImports=23.430300, GatherLocalizableTextData=14.911659, MarkNames=0.096034, SerializeSummary=0.010997, SerializeNames=0.321466, SerializeGatherableTextData=0.119861, BuildExportMap=0.287011, SortExportsNonSeekfree=2.766725, SortExportsSeekfreeConstructor=0.047285, SortExportsSeekfreeInner=21.809046, SortExportsSeekfree=0.004765, BuildDependencyMap=0.176679, SerializeImportMap=0.021260, SerializeExportMap=0.100434, SerializeDependencyMap=0.023827, SerializeStringAssetReferenceMap=0.002198, SaveThumbNailsAssetRegistryDataWorldLevelInfo=6.685156, SerializeExports=27.915052, SerializeBulkData=0.006963, MoveFile=2.671059, UnaccountedTime=5.327448, RunGuid=RunID3E58551948E239A0BC66A290F01AA12F
SavePackageTransactionId9F0C645643B778D3331A448698790EE6_6, Filename=../../../../../../Users/mborowin/Documents/Unreal Projects/TiRT/Content/Blueprints/StartingPoint.uasset, AutoPackageBackupDelegate=10.840379, FlushAsyncLoading=0.006229, FlushStreamingFunc=0.145156, BlockTillAllRequestsFinished=0.006966, ResetLoadersForSaveUnMarkAllObjects=0.149552, TagPackageExports=8.551266, BeginCacheForCookedPlatformData=0.005133, SerializeImports=10.045327, GatherLocalizableTextData=8.039926, MarkNames=0.080276, SerializeSummary=0.013929, SerializeNames=0.251822, SerializeGatherableTextData=0.067811, BuildExportMap=0.179607, SortExportsNonSeekfree=1.440912, SortExportsSeekfreeConstructor=0.071112, SortExportsSeekfreeInner=9.911168, SortExportsSeekfree=0.006232, BuildDependencyMap=0.115830, SerializeImportMap=0.017960, SerializeExportMap=0.047654, SerializeDependencyMap=0.009898, SerializeStringAssetReferenceMap=0.001833, SaveThumbNailsAssetRegistryDataWorldLevelInfo=1.347072, SerializeExports=11.258614, SerializeBulkData=0.011362, MoveFile=20.755209, UnaccountedTime=4.395314, RunGuid=RunID3E58551948E239A0BC66A290F01AA12F
SavePackageTransactionId9F0C645643B778D3331A448698790EE6_7, Filename=../../../../../../Users/mborowin/Documents/Unreal Projects/TiRT/Content/StarterContent/Maps/Minimal_Default.umap, AutoPackageBackupDelegate=33.367496, FlushAsyncLoading=0.010997, FlushStreamingFunc=0.052784, BlockTillAllRequestsFinished=0.005499, ResetLoadersForSaveUnMarkAllObjects=47.439018, TagPackageExports=0.558257, BeginCacheForCookedPlatformData=0.001833, SerializeImports=2.195638, GatherLocalizableTextData=5.436685, MarkNames=0.037022, SerializeSummary=0.012096, SerializeNames=0.313766, SerializeGatherableTextData=0.031892, BuildExportMap=0.203069, SortExportsNonSeekfree=0.162747, SortExportsSeekfreeConstructor=0.046920, SortExportsSeekfreeInner=7.742286, SortExportsSeekfree=0.004400, BuildDependencyMap=0.056814, SerializeImportMap=0.039589, SerializeExportMap=0.021625, SerializeDependencyMap=0.041787, SerializeStringAssetReferenceMap=0.002202, SaveThumbNailsAssetRegistryDataWorldLevelInfo=0.659790, SerializeExports=3.085993, SerializeBulkData=23.956667, MoveFile=2.973094, UnaccountedTime=4.067615, RunGuid=RunID3E58551948E239A0BC66A290F01AA12F
SavePackageTransactionId9F0C645643B778D3331A448698790EE6_8, Filename=../../../../../../Users/mborowin/Documents/Unreal Projects/TiRT/Content/Blueprints/StartingPoint.uasset, AutoPackageBackupDelegate=9.977151, FlushAsyncLoading=0.008795, FlushStreamingFunc=0.079542, BlockTillAllRequestsFinished=0.005499, ResetLoadersForSaveUnMarkAllObjects=0.137825, TagPackageExports=8.416742, BeginCacheForCookedPlatformData=0.004765, SerializeImports=10.259394, GatherLocalizableTextData=6.803919, MarkNames=0.076242, SerializeSummary=0.010263, SerializeNames=0.240091, SerializeGatherableTextData=0.072945, BuildExportMap=0.188407, SortExportsNonSeekfree=1.580201, SortExportsSeekfreeConstructor=0.008430, SortExportsSeekfreeInner=8.771196, SortExportsSeekfree=0.005499, BuildDependencyMap=0.094570, SerializeImportMap=0.014294, SerializeExportMap=0.049852, SerializeDependencyMap=0.014298, SerializeStringAssetReferenceMap=0.001833, SaveThumbNailsAssetRegistryDataWorldLevelInfo=1.141071, SerializeExports=10.753505, SerializeBulkData=0.006597, MoveFile=2.912249, UnaccountedTime=3.147937, RunGuid=RunID3E58551948E239A0BC66A290F01AA12F
SavePackageTransactionId9F0C645643B778D3331A448698790EE6_9, Filename=../../../../../../Users/mborowin/Documents/Unreal Projects/TiRT/Content/Blueprints/Node.uasset, AutoPackageBackupDelegate=8.826181, FlushAsyncLoading=0.006229, FlushStreamingFunc=0.034824, BlockTillAllRequestsFinished=0.003297, ResetLoadersForSaveUnMarkAllObjects=0.124630, TagPackageExports=19.089602, BeginCacheForCookedPlatformData=0.003301, SerializeImports=23.281113, GatherLocalizableTextData=14.640044, MarkNames=0.122063, SerializeSummary=0.010997, SerializeNames=0.307169, SerializeGatherableTextData=0.170447, BuildExportMap=0.289209, SortExportsNonSeekfree=2.769291, SortExportsSeekfreeConstructor=0.007696, SortExportsSeekfreeInner=21.234661, SortExportsSeekfree=0.005130, BuildDependencyMap=0.207834, SerializeImportMap=0.021260, SerializeExportMap=0.104100, SerializeDependencyMap=0.045087, SerializeStringAssetReferenceMap=0.002567, SaveThumbNailsAssetRegistryDataWorldLevelInfo=7.133447, SerializeExports=28.058008, SerializeBulkData=0.008430, MoveFile=2.271514, UnaccountedTime=3.325716, RunGuid=RunID3E58551948E239A0BC66A290F01AA12F
SavePackageTransactionId9F0C645643B778D3331A448698790EE6_10, Filename=../../../../../../Users/mborowin/Documents/Unreal Projects/TiRT/Content/StarterContent/Maps/Minimal_Default.umap, AutoPackageBackupDelegate=9.265676, FlushAsyncLoading=0.004031, FlushStreamingFunc=0.115830, BlockTillAllRequestsFinished=0.004765, ResetLoadersForSaveUnMarkAllObjects=46.873432, TagPackageExports=0.484943, BeginCacheForCookedPlatformData=0.001833, SerializeImports=2.163384, GatherLocalizableTextData=5.563878, MarkNames=0.039589, SerializeSummary=0.012461, SerializeNames=0.315599, SerializeGatherableTextData=0.031158, BuildExportMap=0.204902, SortExportsNonSeekfree=0.186943, SortExportsSeekfreeConstructor=0.046916, SortExportsSeekfreeInner=7.894773, SortExportsSeekfree=0.003666, BuildDependencyMap=0.650629, SerializeImportMap=0.041053, SerializeExportMap=0.021625, SerializeDependencyMap=0.068914, SerializeStringAssetReferenceMap=0.002563, SaveThumbNailsAssetRegistryDataWorldLevelInfo=0.699013, SerializeExports=2.709910, SerializeBulkData=23.792822, MoveFile=2.859831, UnaccountedTime=3.743585, RunGuid=RunID3E58551948E239A0BC66A290F01AA12F
SavePackageTransactionId9F0C645643B778D3331A448698790EE6_11, Filename=../../../../../../Users/mborowin/Documents/Unreal Projects/TiRT/Content/Blueprints/StartingPoint.uasset, AutoPackageBackupDelegate=5.075630, FlushAsyncLoading=0.002202, FlushStreamingFunc=0.138555, BlockTillAllRequestsFinished=0.004031, ResetLoadersForSaveUnMarkAllObjects=0.113267, TagPackageExports=8.109208, BeginCacheForCookedPlatformData=0.002932, SerializeImports=10.270021, GatherLocalizableTextData=7.057205, MarkNames=0.065979, SerializeSummary=0.009898, SerializeNames=0.245221, SerializeGatherableTextData=0.070378, BuildExportMap=0.187676, SortExportsNonSeekfree=1.576535, SortExportsSeekfreeConstructor=0.008062, SortExportsSeekfreeInner=8.759469, SortExportsSeekfree=0.004031, BuildDependencyMap=0.092003, SerializeImportMap=0.026390, SerializeExportMap=0.063412, SerializeDependencyMap=0.012830, SerializeStringAssetReferenceMap=0.001464, SaveThumbNailsAssetRegistryDataWorldLevelInfo=1.346342, SerializeExports=12.102410, SerializeBulkData=0.005867, MoveFile=2.129298, UnaccountedTime=3.080126, RunGuid=RunID3E58551948E239A0BC66A290F01AA12F
SavePackageTransactionId9F0C645643B778D3331A448698790EE6_12, Filename=../../../../../../Users/mborowin/Documents/Unreal Projects/TiRT/Content/StarterContent/Maps/Minimal_Default.umap, AutoPackageBackupDelegate=12.088850, FlushAsyncLoading=0.010263, FlushStreamingFunc=0.063047, BlockTillAllRequestsFinished=0.005130, ResetLoadersForSaveUnMarkAllObjects=47.966488, TagPackageExports=0.492644, BeginCacheForCookedPlatformData=0.001833, SerializeImports=2.182811, GatherLocalizableTextData=5.461242, MarkNames=0.709273, SerializeSummary=0.017229, SerializeNames=0.447560, SerializeGatherableTextData=0.040684, BuildExportMap=0.220299, SortExportsNonSeekfree=0.174847, SortExportsSeekfreeConstructor=0.054613, SortExportsSeekfreeInner=7.755119, SortExportsSeekfree=0.003301, BuildDependencyMap=0.057548, SerializeImportMap=0.039954, SerializeExportMap=0.022728, SerializeDependencyMap=0.027128, SerializeStringAssetReferenceMap=0.002198, SaveThumbNailsAssetRegistryDataWorldLevelInfo=0.644397, SerializeExports=2.796784, SerializeBulkData=23.406841, MoveFile=3.761545, UnaccountedTime=4.206903, RunGuid=RunID3E58551948E239A0BC66A290F01AA12F
SavePackageTransactionId9F0C645643B778D3331A448698790EE6_13, Filename=../../../../../../Users/mborowin/Documents/Unreal Projects/TiRT/Content/Blueprints/StartingPoint.uasset, AutoPackageBackupDelegate=7.503297, FlushAsyncLoading=0.007696, FlushStreamingFunc=0.045452, BlockTillAllRequestsFinished=0.005133, ResetLoadersForSaveUnMarkAllObjects=0.135623, TagPackageExports=8.820317, BeginCacheForCookedPlatformData=0.005495, SerializeImports=11.056278, GatherLocalizableTextData=7.509526, MarkNames=0.086874, SerializeSummary=0.011731, SerializeNames=0.239357, SerializeGatherableTextData=0.073310, BuildExportMap=0.200503, SortExportsNonSeekfree=1.796834, SortExportsSeekfreeConstructor=0.023823, SortExportsSeekfreeInner=9.362444, SortExportsSeekfree=0.005864, BuildDependencyMap=0.104468, SerializeImportMap=0.018328, SerializeExportMap=0.054616, SerializeDependencyMap=0.013199, SerializeStringAssetReferenceMap=0.001464, SaveThumbNailsAssetRegistryDataWorldLevelInfo=1.208153, SerializeExports=12.551438, SerializeBulkData=0.008062, MoveFile=2.566591, UnaccountedTime=2.982989, RunGuid=RunID3E58551948E239A0BC66A290F01AA12F
SavePackageTransactionId9F0C645643B778D3331A448698790EE6_14, Filename=../../../../../../Users/mborowin/Documents/Unreal Projects/TiRT/Content/Blueprints/Node.uasset, AutoPackageBackupDelegate=18.126675, FlushAsyncLoading=0.009898, FlushStreamingFunc=0.046186, BlockTillAllRequestsFinished=0.016496, ResetLoadersForSaveUnMarkAllObjects=0.163481, TagPackageExports=19.572351, BeginCacheForCookedPlatformData=0.004400, SerializeImports=23.464024, GatherLocalizableTextData=14.831017, MarkNames=0.138190, SerializeSummary=0.013560, SerializeNames=0.305705, SerializeGatherableTextData=0.174847, BuildExportMap=0.323296, SortExportsNonSeekfree=2.925809, SortExportsSeekfreeConstructor=0.061948, SortExportsSeekfreeInner=24.252474, SortExportsSeekfree=0.005864, BuildDependencyMap=0.213332, SerializeImportMap=0.022359, SerializeExportMap=0.104100, SerializeDependencyMap=0.025291, SerializeStringAssetReferenceMap=0.001833, SaveThumbNailsAssetRegistryDataWorldLevelInfo=6.899953, SerializeExports=28.649256, SerializeBulkData=0.007331, MoveFile=3.193390, UnaccountedTime=3.044207, RunGuid=RunID3E58551948E239A0BC66A290F01AA12F
SavePackageTransactionId9F0C645643B778D3331A448698790EE6_15, Filename=../../../../../../Users/mborowin/Documents/Unreal Projects/TiRT/Content/StarterContent/Maps/Minimal_Default.umap, AutoPackageBackupDelegate=13.949826, FlushAsyncLoading=0.004400, FlushStreamingFunc=0.041053, BlockTillAllRequestsFinished=0.005867, ResetLoadersForSaveUnMarkAllObjects=51.231354, TagPackageExports=0.659060, BeginCacheForCookedPlatformData=0.002567, SerializeImports=2.581984, GatherLocalizableTextData=5.917966, MarkNames=0.075143, SerializeSummary=0.018325, SerializeNames=0.340529, SerializeGatherableTextData=0.044718, BuildExportMap=0.237525, SortExportsNonSeekfree=0.184741, SortExportsSeekfreeConstructor=0.063047, SortExportsSeekfreeInner=8.344166, SortExportsSeekfree=0.005499, BuildDependencyMap=0.077341, SerializeImportMap=0.048384, SerializeExportMap=0.023827, SerializeDependencyMap=0.035558, SerializeStringAssetReferenceMap=0.002932, SaveThumbNailsAssetRegistryDataWorldLevelInfo=0.712942, SerializeExports=2.717242, SerializeBulkData=27.073450, MoveFile=501.660095, UnaccountedTime=7.435117, RunGuid=RunID3E58551948E239A0BC66A290F01AA12F
SavePackageTransactionId9F0C645643B778D3331A448698790EE6_16, Filename=../../../../../../Users/mborowin/Documents/Unreal Projects/TiRT/Content/Blueprints/StartingPoint.uasset, AutoPackageBackupDelegate=13.472211, FlushAsyncLoading=0.005499, FlushStreamingFunc=0.048753, BlockTillAllRequestsFinished=0.003666, ResetLoadersForSaveUnMarkAllObjects=0.126824, TagPackageExports=9.518959, BeginCacheForCookedPlatformData=0.003666, SerializeImports=12.255997, GatherLocalizableTextData=8.030765, MarkNames=0.085406, SerializeSummary=0.010632, SerializeNames=0.259884, SerializeGatherableTextData=0.092737, BuildExportMap=0.221029, SortExportsNonSeekfree=1.656078, SortExportsSeekfreeConstructor=0.008430, SortExportsSeekfreeInner=10.117538, SortExportsSeekfree=0.005133, BuildDependencyMap=0.109963, SerializeImportMap=0.024561, SerializeExportMap=0.070374, SerializeDependencyMap=0.016861, SerializeStringAssetReferenceMap=0.004765, SaveThumbNailsAssetRegistryDataWorldLevelInfo=1.316652, SerializeExports=13.920870, SerializeBulkData=0.012096, MoveFile=2.290946, UnaccountedTime=2.969429, RunGuid=RunID3E58551948E239A0BC66A290F01AA12F
SavePackageTransactionId9F0C645643B778D3331A448698790EE6_17, Filename=../../../../../../Users/mborowin/Documents/Unreal Projects/TiRT/Content/Blueprints/StartingPoint.uasset, AutoPackageBackupDelegate=16.042831, FlushAsyncLoading=0.017595, FlushStreamingFunc=0.052050, BlockTillAllRequestsFinished=0.005499, ResetLoadersForSaveUnMarkAllObjects=0.140022, TagPackageExports=10.263060, BeginCacheForCookedPlatformData=0.004400, SerializeImports=12.085915, GatherLocalizableTextData=8.387052, MarkNames=0.086509, SerializeSummary=0.011727, SerializeNames=0.254754, SerializeGatherableTextData=0.106666, BuildExportMap=0.255484, SortExportsNonSeekfree=1.855850, SortExportsSeekfreeConstructor=0.057179, SortExportsSeekfreeInner=12.569398, SortExportsSeekfree=0.004400, BuildDependencyMap=0.119127, SerializeImportMap=0.021260, SerializeExportMap=0.071477, SerializeDependencyMap=0.016496, SerializeStringAssetReferenceMap=0.001833, SaveThumbNailsAssetRegistryDataWorldLevelInfo=1.462907, SerializeExports=14.493055, SerializeBulkData=0.008430, MoveFile=3.163334, UnaccountedTime=0.260983, RunGuid=RunID3E58551948E239A0BC66A290F01AA12F
SavePackageTransactionId9F0C645643B778D3331A448698790EE6_18, Filename=../../../../../../Users/mborowin/Documents/Unreal Projects/TiRT/Content/StarterContent/Maps/Minimal_Default.umap, AutoPackageBackupDelegate=21.473286, FlushAsyncLoading=0.014294, FlushStreamingFunc=0.065248, BlockTillAllRequestsFinished=0.008062, ResetLoadersForSaveUnMarkAllObjects=55.190105, TagPackageExports=0.498876, BeginCacheForCookedPlatformData=0.001464, SerializeImports=2.300844, GatherLocalizableTextData=6.831042, MarkNames=0.061579, SerializeSummary=0.014294, SerializeNames=0.348959, SerializeGatherableTextData=0.053883, BuildExportMap=0.251453, SortExportsNonSeekfree=0.190604, SortExportsSeekfreeConstructor=0.055350, SortExportsSeekfreeInner=8.983065, SortExportsSeekfree=0.004765, BuildDependencyMap=0.066347, SerializeImportMap=0.045817, SerializeExportMap=0.022728, SerializeDependencyMap=0.032257, SerializeStringAssetReferenceMap=0.002198, SaveThumbNailsAssetRegistryDataWorldLevelInfo=0.721008, SerializeExports=2.760861, SerializeBulkData=29.361095, MoveFile=2.601411, UnaccountedTime=3.842186, RunGuid=RunID3E58551948E239A0BC66A290F01AA12F
SavePackageTransactionId9F0C645643B778D3331A448698790EE6_19, Filename=../../../../../../Users/mborowin/Documents/Unreal Projects/TiRT/Content/StarterContent/Maps/Minimal_Default.umap, AutoPackageBackupDelegate=14.845312, FlushAsyncLoading=0.004400, FlushStreamingFunc=0.041422, BlockTillAllRequestsFinished=0.003297, ResetLoadersForSaveUnMarkAllObjects=46.943810, TagPackageExports=0.516102, BeginCacheForCookedPlatformData=0.001833, SerializeImports=3.098823, GatherLocalizableTextData=5.957551, MarkNames=0.060480, SerializeSummary=0.012830, SerializeNames=0.330996, SerializeGatherableTextData=0.035923, BuildExportMap=0.225794, SortExportsNonSeekfree=0.181075, SortExportsSeekfreeConstructor=0.053518, SortExportsSeekfreeInner=8.248128, SortExportsSeekfree=0.005133, BuildDependencyMap=0.079539, SerializeImportMap=0.043619, SerializeExportMap=0.022359, SerializeDependencyMap=0.056449, SerializeStringAssetReferenceMap=0.002563, SaveThumbNailsAssetRegistryDataWorldLevelInfo=0.812646, SerializeExports=3.406722, SerializeBulkData=31.437975, MoveFile=2.491079, UnaccountedTime=3.093325, RunGuid=RunID3E58551948E239A0BC66A290F01AA12F
SavePackageTransactionId9F0C645643B778D3331A448698790EE6_20, Filename=../../../../../../Users/mborowin/Documents/Unreal Projects/TiRT/Content/StarterContent/Maps/Minimal_Default.umap, AutoPackageBackupDelegate=14.385655, FlushAsyncLoading=0.005133, FlushStreamingFunc=0.057913, BlockTillAllRequestsFinished=0.006232, ResetLoadersForSaveUnMarkAllObjects=52.766838, TagPackageExports=0.932138, BeginCacheForCookedPlatformData=0.002202, SerializeImports=3.761180, GatherLocalizableTextData=5.978078, MarkNames=0.068910, SerializeSummary=0.014663, SerializeNames=0.304606, SerializeGatherableTextData=0.034086, BuildExportMap=0.224330, SortExportsNonSeekfree=0.176679, SortExportsSeekfreeConstructor=0.053883, SortExportsSeekfreeInner=7.876813, SortExportsSeekfree=0.004031, BuildDependencyMap=0.065245, SerializeImportMap=0.039589, SerializeExportMap=0.023827, SerializeDependencyMap=0.028957, SerializeStringAssetReferenceMap=0.004031, SaveThumbNailsAssetRegistryDataWorldLevelInfo=0.656128, SerializeExports=2.623402, SerializeBulkData=30.460014, MoveFile=501.613922, UnaccountedTime=5.483601, RunGuid=RunID3E58551948E239A0BC66A290F01AA12F
SavePackageTransactionId9F0C645643B778D3331A448698790EE6_21, Filename=../../../../../../Users/mborowin/Documents/Unreal Projects/TiRT/Content/Blueprints/StartingPoint.uasset, AutoPackageBackupDelegate=17.520767, FlushAsyncLoading=0.009160, FlushStreamingFunc=0.067081, BlockTillAllRequestsFinished=0.005864, ResetLoadersForSaveUnMarkAllObjects=0.195004, TagPackageExports=14.805358, BeginCacheForCookedPlatformData=0.005867, SerializeImports=13.043347, GatherLocalizableTextData=8.381185, MarkNames=0.094939, SerializeSummary=0.011362, SerializeNames=0.278212, SerializeGatherableTextData=0.116564, BuildExportMap=0.220295, SortExportsNonSeekfree=2.292044, SortExportsSeekfreeConstructor=0.015762, SortExportsSeekfreeInner=10.574259, SortExportsSeekfree=0.011362, BuildDependencyMap=0.171181, SerializeImportMap=0.027858, SerializeExportMap=0.061579, SerializeDependencyMap=0.014663, SerializeStringAssetReferenceMap=0.002198, SaveThumbNailsAssetRegistryDataWorldLevelInfo=1.368336, SerializeExports=18.356871, SerializeBulkData=0.011362, MoveFile=2.820976, UnaccountedTime=3.365304, RunGuid=RunID3E58551948E239A0BC66A290F01AA12F
SavePackageTransactionId9F0C645643B778D3331A448698790EE6_22, Filename=../../../../../../Users/mborowin/Documents/Unreal Projects/TiRT/Content/StarterContent/Maps/Minimal_Default.umap, AutoPackageBackupDelegate=14.938049, FlushAsyncLoading=0.004400, FlushStreamingFunc=0.038486, BlockTillAllRequestsFinished=0.004765, ResetLoadersForSaveUnMarkAllObjects=51.694675, TagPackageExports=0.787716, BeginCacheForCookedPlatformData=0.002202, SerializeImports=3.457673, GatherLocalizableTextData=7.612895, MarkNames=0.079542, SerializeSummary=0.013929, SerializeNames=0.326596, SerializeGatherableTextData=0.035923, BuildExportMap=0.223231, SortExportsNonSeekfree=0.175212, SortExportsSeekfreeConstructor=0.053883, SortExportsSeekfreeInner=7.863615, SortExportsSeekfree=0.004400, BuildDependencyMap=0.092737, SerializeImportMap=0.041056, SerializeExportMap=0.033356, SerializeDependencyMap=0.042520, SerializeStringAssetReferenceMap=0.003301, SaveThumbNailsAssetRegistryDataWorldLevelInfo=0.656124, SerializeExports=2.631836, SerializeBulkData=32.480442, MoveFile=5.281631, UnaccountedTime=3.563240, RunGuid=RunID3E58551948E239A0BC66A290F01AA12F
SavePackageTransactionId9F0C645643B778D3331A448698790EE6_23, Filename=../../../../../../Users/mborowin/Documents/Unreal Projects/TiRT/Content/StarterContent/Maps/Minimal_Default.umap, AutoPackageBackupDelegate=13.854891, FlushAsyncLoading=0.004400, FlushStreamingFunc=0.039954, BlockTillAllRequestsFinished=0.002932, ResetLoadersForSaveUnMarkAllObjects=48.814686, TagPackageExports=0.492644, BeginCacheForCookedPlatformData=0.001833, SerializeImports=2.368651, GatherLocalizableTextData=5.655516, MarkNames=0.049118, SerializeSummary=0.011727, SerializeNames=0.321101, SerializeGatherableTextData=0.036653, BuildExportMap=0.214800, SortExportsNonSeekfree=0.178143, SortExportsSeekfreeConstructor=0.052415, SortExportsSeekfreeInner=8.034431, SortExportsSeekfree=0.004031, BuildDependencyMap=0.064515, SerializeImportMap=0.039585, SerializeExportMap=0.024926, SerializeDependencyMap=0.029322, SerializeStringAssetReferenceMap=0.001833, SaveThumbNailsAssetRegistryDataWorldLevelInfo=0.680685, SerializeExports=2.642833, SerializeBulkData=23.865398, MoveFile=3.131080, UnaccountedTime=3.031373, RunGuid=RunID3E58551948E239A0BC66A290F01AA12F
